{
  "height": 13,
  "width": 250,
  "x": 474.7578125,
  "y": 6702.203125
}